Barcode,demuxem_hadge_process
AACACTCTTAGCCA-1,hto_2
AACAGCACCGTGTA-1,hto_1
AACTACCTAGAGGC-1,hto_1
ACACGTGAGCTAAC-1,hto_1
ACCTCCGAAAGGCG-1,hto_2
ACGACCCTTCAGAC-1,hto_1
ACTGAGACACACAC-1,hto_1
ACTGCCACCATGAC-1,hto_1
AGCGCTCTCCTCGT-1,hto_1
AGGTCTGAGTGCTA-1,hto_2
AGTCGCCTTTACCT-1,hto_2
ATATAGTGCGTTAG-1,hto_2
ATGTCGGATAGAGA-1,hto_1
ATTTCCGACTACCC-1,hto_2
ATTTGCACCAAAGA-1,hto_1
CAATCTACAAGAGT-1,hto_2
CAGCAATGGACTAC-1,hto_1
CAGTGATGCGAGAG-1,hto_2
CCACCATGCATACG-1,hto_1
CCCAACTGCACAAC-1,hto_2
CGCACGGAGCTAAC-1,hto_2
CGCTAAGAGGAACG-1,hto_1
CTTACAACTAAGCC-1,hto_2
GAGCAGGAGAGGCA-1,hto_2
GAGGTTACATAAGG-1,hto_1
GATGCCCTGGAAAT-1,hto_1
GCAGTCCTAAGCCT-1,hto_1
GCGATATGCTGATG-1,hto_1
GCGCACGACTGATG-1,hto_1
GGGCCAACCGTAGT-1,hto_1
GGTAGTACTGTCTT-1,hto_1
GTTCATACTACTTC-1,hto_1
GTTGACGATTTCGT-1,hto_1
TATCGACTTTCTCA-1,hto_2
TCAGACGAGCGATT-1,hto_2
TGCAACGAGGACTT-1,hto_2
TGGAACTGATTCGG-1,hto_1
TGTCTAACTCTACT-1,hto_1
TTATGAGATGATGC-1,hto_1
TTCAGACTTGAGAA-1,hto_2
AAACGCTGAAGATG-1,hto_1
AAAGATCTGCGTTA-1,hto_1
AAAGCCTGTCACGA-1,hto_1
AAATACTGACACAC-1,hto_1
AACATATGTCGTGA-1,hto_1
AACCCAGAGACTAC-1,hto_1
AACCGCCTGTATGC-1,hto_1
AACGGTTGAATCGC-1,hto_1
AACTCGGAGCGATT-1,hto_1
AAGTCCGAAATCGC-1,hto_1
AAGTTCCTCAAGCT-1,hto_1
AATACCCTGTACAC-1,hto_1
AATAGGGATTCATC-1,hto_1
AATCCGGATGTAGC-1,hto_1
AATCCTACCCCTCA-1,hto_1
AATCGGTGAGTACC-1,hto_1
AATCTAGAAGTCTG-1,hto_1
AATGTTGAAGCTCA-1,hto_1
AATTGTGATGTCGA-1,hto_1
ACAGTGTGAACCAC-1,hto_1
ACCACAGAGTTTGG-1,hto_1
ACCACCTGCCCTAC-1,hto_1
ACCAGCCTGTTGAC-1,hto_1
ACCAGTGAGCCAAT-1,hto_1
ACCCAAGAATGGTC-1,hto_1
ACCCAAGATAACGC-1,hto_1
ACCCGTACACCTAG-1,hto_1
ACCGCGGATGGCAT-1,hto_1
ACGAACTGTGCTGA-1,hto_1
ACGATCGACGAGAG-1,hto_1
ACGATTCTAGCCAT-1,hto_1
ACGCGGTGATAAGG-1,hto_1
ACGCGGTGGTCTTT-1,hto_1
ACGGATTGGAAGGC-1,hto_1
ACGGTAACCATCAG-1,hto_1
ACGGTATGAACGGG-1,hto_1
ACTCCCGACCTATT-1,hto_1
ACTCGCACGGACAG-1,hto_1
ACTTAGCTCAAGCT-1,hto_1
ACTTCAACGATAAG-1,hto_1
AGAAAGTGGTCCTC-1,hto_1
AGAGAAACACGGAG-1,hto_1
AGAGTCACGGCGAA-1,hto_1
AGATCTCTTCCAGA-1,hto_1
AGCAAAGAGCGAGA-1,hto_1
AGCCGGACTCTCCG-1,hto_1
AGCCGGTGAAGTAG-1,hto_1
AGCCGGTGACCTTT-1,hto_1
AGCGGCACGGTATC-1,hto_1
AGCGGGCTCTTTAC-1,hto_1
AGGGCCACAAACAG-1,hto_1
AGGGTGGACAGCTA-1,hto_1
AGGGTGGATGATGC-1,hto_1
AGGTACTGTTGACG-1,hto_1
AGGTCATGCTCTAT-1,hto_1
AGGTGGGAACACAC-1,hto_1
AGTAAGGATGCTTT-1,hto_1
AGTCACGATGTCCC-1,hto_1
AGTGCAACTGGAGG-1,hto_1
ATAAACACAACCGT-1,hto_1
ATACGGACAAGCAA-1,hto_1
ATATACGAGAACCT-1,hto_1
ATCACTACAGGAGC-1,hto_1
ATCCCGTGGTCCTC-1,hto_1
ATCGGAACATGTCG-1,hto_1
ATCTGGGACTTCTA-1,hto_1
ATCTTGACGTTTGG-1,hto_1
ATGCCGCTTACGAC-1,hto_1
ATGTACCTCTATTC-1,hto_1
ATGTACCTGCTTAG-1,hto_1
ATGTCGGAACACCA-1,hto_1
ATGTTCACCTCAGA-1,hto_1
ATTAGATGCTACCC-1,hto_1
ATTCCAACGTATCG-1,hto_1
ATTCGACTTCTCGC-1,hto_1
ATTCGGGAACGGGA-1,hto_1
ATTGAAACAACCGT-1,hto_1
ATTGCACTAGTCGT-1,hto_1
ATTGTCTGCGATAC-1,hto_1
ATTGTCTGTGAAGA-1,hto_1
CAACCGCTAGAGAT-1,hto_1
CAAGACTGGACACT-1,hto_1
CACAATCTGAAAGT-1,hto_1
CACATACTTGACTG-1,hto_1
CACGGGACGAGGTG-1,hto_1
CACTCTCTGTTGAC-1,hto_1
CACTGCTGGGAGTG-1,hto_1
CAGAAGCTGCAGTT-1,hto_1
CAGACCCTCCATGA-1,hto_1
CAGATCGAAGAACA-1,hto_1
CAGCAATGTTAGGC-1,hto_1
CAGCATGATACAGC-1,hto_1
CAGCGGACGCGGAA-1,hto_1
CATTGTACGCCCTT-1,hto_1
CCAACCTGGGGAGT-1,hto_1
CCAGAAACTGGTGT-1,hto_1
CCCTAGTGATGCTG-1,hto_1
CCGCTATGACGGTT-1,hto_1
CCGCTATGCCACAA-1,hto_1
CCTAAGGAGAACTC-1,hto_1
CGAAGACTCTGAAC-1,hto_1
CGAATCGAAAGAAC-1,hto_1
CGATCAGAAGCTAC-1,hto_1
CGCCATTGGCCATA-1,hto_1
CGCGGATGACCAGT-1,hto_1
CGCGGATGTGCCCT-1,hto_1
CGCTACACTTATCC-1,hto_1
CGCTACTGCCCAAA-1,hto_1
CGGCACGATGGATC-1,hto_1
CGGCCAGAGTTCGA-1,hto_1
CGGGACTGTGTGGT-1,hto_1
CGGTACCTTTTACC-1,hto_1
CGTCCAACGGCATT-1,hto_1
CGTGCACTTGAAGA-1,hto_1
CGTTATACGAGGAC-1,hto_1
CTAAACCTCGTAGT-1,hto_1
CTAACACTGTAGCT-1,hto_1
CTAAGGTGTACGAC-1,hto_1
CTAATAGAAGCCAT-1,hto_1
CTATACTGTCGCAA-1,hto_1
CTATCCCTACTGTG-1,hto_1
CTCAGCACTCGCCT-1,hto_1
CTCGACTGACTGGT-1,hto_1
CTCGCATGCCTCCA-1,hto_1
CTGAAGACGAGCAG-1,hto_1
CTTAAAGAGTACCA-1,hto_1
CTTAAAGATGCAGT-1,hto_1
GAAACCTGCGTTGA-1,hto_1
GAAACCTGGTTAGC-1,hto_1
GAACGTTGCGTTGA-1,hto_1
GACAACACGCGATT-1,hto_1
GACAGGGAGCATCA-1,hto_1
GACTCCTGGGTCAT-1,hto_1
GAGTAAGATCATTC-1,hto_1
GATAATACAGACTC-1,hto_1
GATATTGAGGCAAG-1,hto_1
GATGCATGAATGCC-1,hto_1
GATGCATGGCCCTT-1,hto_1
GATTCTTGAAGCCT-1,hto_1
GATTGGTGTCGCTC-1,hto_1
GATTTGCTGGAAAT-1,hto_1
GCAACCCTTTCCGC-1,hto_1
GCAATCGATCCCGT-1,hto_1
GCAGCTCTGCTATG-1,hto_1
GCCAAATGGCCCTT-1,hto_1
GCGAGCACATTCGG-1,hto_1
GCGATATGGTCAAC-1,hto_1
GCGTATGACAGAGG-1,hto_1
GCTAGATGTCTATC-1,hto_1
GCTTAACTTGCTTT-1,hto_1
GGAACTTGTCCTTA-1,hto_1
GGAATCTGTACTGG-1,hto_1
GGAATGCTTATCGG-1,hto_1
GGACATTGCCTATT-1,hto_1
GGACGCACGCTGTA-1,hto_1
GGATAGCTCAGATC-1,hto_1
GGATTGTGTCCTAT-1,hto_1
GGGAAGACCGTGTA-1,hto_1
GGGAAGTGATGTCG-1,hto_1
GGTACTGATTCCCG-1,hto_1
GGTCAAACGGAAGC-1,hto_1
GTACGAACTGCCAA-1,hto_1
GTAGCCCTCTCCCA-1,hto_1
GTAGTGTGCACTGA-1,hto_1
GTATCACTAACGGG-1,hto_1
GTATCACTTCCTCG-1,hto_1
GTATTCACATAAGG-1,hto_1
GTCACAGATGTGCA-1,hto_1
GTCCAAGATAAGGA-1,hto_1
GTCCACACAGAACA-1,hto_1
GTCTGAGACCAACA-1,hto_1
GTGTATCTAATGCC-1,hto_1
TAAGATACTGGTCA-1,hto_1
TACACACTGGAAAT-1,hto_1
TACTCAACCTTGGA-1,hto_1
TACTCTGATGTTTC-1,hto_1
TAGAAACTTAGACC-1,hto_1
TAGATTGATCTAGG-1,hto_1
TAGCATCTCGTGAT-1,hto_1
TAGCCCACCAGCTA-1,hto_1
AAATCAACCTCCAC-1,hto_2
AAATCAACTCAGGT-1,hto_2
AAATGGGAGAATCC-1,hto_2
AAATGTTGCTGAAC-1,hto_2
AACAATACTCGATG-1,hto_2
AACATTGATCCTGC-1,hto_2
AACCGATGAAAACG-1,hto_2
AACCGCCTATTCGG-1,hto_2
AACGCATGTGAGAA-1,hto_2
AACGTGTGCGTTGA-1,hto_2
AACTCTTGATGACC-1,hto_2
AAGAAGACTTTACC-1,hto_2
AAGCGACTAAAAGC-1,hto_2
AAGTCCGAAGAACA-1,hto_2
AATGCGTGAAGGGC-1,hto_2
AATGCGTGTGGTTG-1,hto_2
AATGTAACATCGTG-1,hto_2
AATGTTGACTGCTC-1,hto_2
AATTACGACGAATC-1,hto_2
ACAAGAGAACGACT-1,hto_2
ACAAGAGAGCATCA-1,hto_2
ACCACCTGAAAACG-1,hto_2
ACCCGTTGACACCA-1,hto_2
ACCCGTTGGGATTC-1,hto_2
ACCCTCGAGACGAG-1,hto_2
ACCGCGGAATCAGC-1,hto_2
ACCGTGCTGTAAGA-1,hto_2
ACCTTTGAAAAAGC-1,hto_2
ACGACAACGCCTTC-1,hto_2
ACGATTCTGGTACT-1,hto_2
ACGCACCTACCAAC-1,hto_2
ACGCCACTCCTTTA-1,hto_2
ACGCCGGACGGGAA-1,hto_2
ACGCCGGATGGAGG-1,hto_2
ACGGCTCTACTCAG-1,hto_2
ACGTCGCTACGGAG-1,hto_2
ACTGCCACAAGCAA-1,hto_2
AGACACTGTCAGTG-1,hto_2
AGAGGTCTTCCTCG-1,hto_2
AGAGTGCTCTTGTT-1,hto_2
AGCATGACCGTCTC-1,hto_2
AGCCTCACTACTGG-1,hto_2
AGCGATACGCTTAG-1,hto_2
AGCGGCTGCCAACA-1,hto_2
AGGATAGACTAGTG-1,hto_2
AGGCTAACAGTGTC-1,hto_2
AGGTCATGCAGATC-1,hto_2
AGTAATACCCTGAA-1,hto_2
AGTAGAGATTCTGT-1,hto_2
AGTCACGAAGCATC-1,hto_2
AGTCACGAGGTACT-1,hto_2
ATAATGACCCGTTC-1,hto_2
ATACTCTGTCCTTA-1,hto_2
ATAGAACTTTTCAC-1,hto_2
ATAGCTCTTCGCCT-1,hto_2
ATCACTACATCGAC-1,hto_2
ATCACTTGGCGATT-1,hto_2
ATCGCGCTGCTGAT-1,hto_2
ATCTACTGATCGTG-1,hto_2
ATCTGACTAAGCAA-1,hto_2
ATCTTTCTTGAGGG-1,hto_2
ATGCACGAGTGCAT-1,hto_2
ATGTTCACAACCTG-1,hto_2
ATGTTGCTCTCATT-1,hto_2
ATTACCACACCGAT-1,hto_2
ATTGCACTACACGT-1,hto_2
ATTGCGGAAAAGTG-1,hto_2
ATTGGGTGTTTGTC-1,hto_2
ATTTAGGAACAGTC-1,hto_2
CAAAGCACTCTGGA-1,hto_2
CAAAGCTGATCGGT-1,hto_2
CAAGACACTTTGGG-1,hto_2
CAAGACTGCTGTTT-1,hto_2
CAAGCTGACAGTTG-1,hto_2
CAAGTCGATTGGTG-1,hto_2
CAATCTACCGATAC-1,hto_2
CACCCATGTCTTCA-1,hto_2
CACCGTACATTCCT-1,hto_2
CACCTGACAGATGA-1,hto_2
CACCTGACGAACTC-1,hto_2
CACGGGTGTTATCC-1,hto_2
CACTGCACTTCCAT-1,hto_2
CAGACATGTGGTCA-1,hto_2
CAGAGGGACTTATC-1,hto_2
CAGCCTACTAGTCG-1,hto_2
CAGCTAGACTGAAC-1,hto_2
CATAGTCTAGCTAC-1,hto_2
CATATAGATGTTTC-1,hto_2
CATCTCCTTCTACT-1,hto_2
CATGAGACTATCTC-1,hto_2
CATGCGCTAGAGTA-1,hto_2
CATGTTTGTTACCT-1,hto_2
CCAAGTGATTGCTT-1,hto_2
CCAATTTGCTGAAC-1,hto_2
CCATAGGATCGACA-1,hto_2
CCCATGTGCTCGCT-1,hto_2
CCCTAGTGGATACC-1,hto_2
CCGTACACCGTCTC-1,hto_2
CCTGAGCTAGTCAC-1,hto_2
CCTGGACTTACAGC-1,hto_2
CCTTCACTCAGGAG-1,hto_2
CGAAGACTTCGCTC-1,hto_2
CGAATCGAGCTATG-1,hto_2
CGAGAACTTTTACC-1,hto_2
CGATACGAGCTACA-1,hto_2
CGATACGATCAAGC-1,hto_2
CGATCAGAAGCAAA-1,hto_2
CGCCGAGAAGATGA-1,hto_2
CGGAATTGGTAAGA-1,hto_2
CGGGACTGACCTTT-1,hto_2
CGTAGCCTTACTCT-1,hto_2
CTAAGGTGACGACT-1,hto_2
CTAAGGTGGTCCTC-1,hto_2
CTAATAGATAGTCG-1,hto_2
CTACCTCTCGCAAT-1,hto_2
CTATCCCTCCTAAG-1,hto_2
CTGAAGACCCTATT-1,hto_2
CTGAGCCTACCTAG-1,hto_2
CTGATGGAACGACT-1,hto_2
CTGGAAACCGGAGA-1,hto_2
CTTACAACGGAGTG-1,hto_2
CTTAGACTATTTCC-1,hto_2
CTTCTAGACTTGAG-1,hto_2
GAAAGCCTTAAGCC-1,hto_2
GAACACACTGCTCC-1,hto_2
GAACGGGACCATGA-1,hto_2
GAAGCTTGACTTTC-1,hto_2
GAAGTAGACCCTTG-1,hto_2
GAAGTGCTGGAGCA-1,hto_2
GACAACTGATTGGC-1,hto_2
GAGAAATGAGCGTT-1,hto_2
GAGATCACTGAGAA-1,hto_2
GAGGTACTATCACG-1,hto_2
GAGGTGGATGCTGA-1,hto_2
GAGGTTACCTGAAC-1,hto_2
GAGTACTGGGTTAC-1,hto_2
GAGTCAACTTCACT-1,hto_2
GATACTCTTCGATG-1,hto_2
GATATATGACGCTA-1,hto_2
GATCCCTGTTGCGA-1,hto_2
GATCCGCTCAGAGG-1,hto_2
GATGCAACAGATGA-1,hto_2
GATTGGACATTCGG-1,hto_2
GATTGGACCGCCTT-1,hto_2
GATTGGTGTGCTCC-1,hto_2
GCAACCCTCTTTAC-1,hto_2
GCAACTGAGGGACA-1,hto_2
GCACACCTACACCA-1,hto_2
GCACCACTTAGCCA-1,hto_2
GCATGATGACCTGA-1,hto_2
GCATGTGATGCATG-1,hto_2
GCATTGGACATTCT-1,hto_2
GCCAAAACACCAGT-1,hto_2
GCCAAAACATCGAC-1,hto_2
GCCATGCTCCTTCG-1,hto_2
GCCATGCTCTCGCT-1,hto_2
GCCCAGGAGACTAC-1,hto_2
GCGAGCACTAGAAG-1,hto_2
GCGATATGTGTCCC-1,hto_2
GCGCACGAAAGAAC-1,hto_2
GCGGGACTCCTGAA-1,hto_2
GCTACAGATTGCGA-1,hto_2
GCTACCTGCTGTAG-1,hto_2
GCTACGCTGTGTAC-1,hto_2
GCTAGAACGCGATT-1,hto_2
GCTCGACTTTCGCC-1,hto_2
GGATGTACGTGCAT-1,hto_2
GGCATATGGTTAGC-1,hto_2
GGCCACGACCGATA-1,hto_2
GGCCCAGAGCAGTT-1,hto_2
GGCGCATGCGCTAA-1,hto_2
GGGAAGACGTCACA-1,hto_2
GGGAAGACTGAACC-1,hto_2
GGGCAGCTCTCAGA-1,hto_2
GGTATGACATCGAC-1,hto_2
GGTATGACCGTGAT-1,hto_2
GGTATGACTGGAAA-1,hto_2
GGTTGAACGAAGGC-1,hto_2
GTAATAACACGGGA-1,hto_2
GTACTTTGCAGATC-1,hto_2
GTAGCATGGCAGTT-1,doublet
GTAGTGTGGTCTAG-1,doublet
GTATGGTGCGTAAC-1,doublet
GTATTCACTCATTC-1,doublet
GTGCCACTATCGGT-1,doublet
GTTAACCTTTGGTG-1,doublet
GTTACTACTTCGCC-1,doublet
GTTATAGATGTAGC-1,doublet
GTTGAGTGTGGAAA-1,doublet
TAACCGGAAATGCC-1,doublet
TAAGCTCTTGCTAG-1,doublet
TAAGGGCTGTATGC-1,doublet
TACATCACCTATGG-1,doublet
TACCGCTGCCGAAT-1,doublet
TACGTACTCGATAC-1,hto_2
TACTCCCTAGAGGC-1,doublet
TAGAGAGAAAAAGC-1,doublet
TAGAGAGACGACAT-1,doublet
TAGGACTGGTAAAG-1,doublet
TAGGCTGATGCGTA-1,doublet
TAGGTTCTACTAGC-1,doublet
TATACAGAGTGTTG-1,doublet
TATCAAGATCGCCT-1,doublet
TATCGACTACTAGC-1,doublet
TATCTTCTACTACG-1,doublet
TATGGTCTATTGGC-1,doublet
TCAAGGACGAACCT-1,doublet
TCAAGGTGACACAC-1,doublet
TCAAGTCTGACGTT-1,doublet
TCAAGTCTTGCAAC-1,doublet
TCACCGTGCCGTTC-1,doublet
TCAGCAGACAGCTA-1,doublet
TCAGTTACTGCCAA-1,doublet
TCATCATGCTGAAC-1,doublet
TCATCCCTCATTCT-1,doublet
TCCAGAGAAGAGAT-1,doublet
TCCAGAGACTTCGC-1,doublet
TCCATCCTCGTACA-1,doublet
TCCGAAGATTGACG-1,doublet
TCCGGACTTGGTAC-1,doublet
TCCTATGAACTGTG-1,doublet
TCGACGCTACGTTG-1,doublet
TCGAGCCTAGAATG-1,doublet
TCGCACACGGCGAA-1,doublet
TCGGACCTGTGTCA-1,doublet
TCGTGAGACACACA-1,doublet
TCGTTATGCATCAG-1,doublet
TCTAACACACCATG-1,doublet
TCTAACTGCAATCG-1,doublet
TCTAGACTAAAAGC-1,doublet
TCTAGACTGTAAAG-1,doublet
TCTCTAGATCGCTC-1,doublet
TGACGATGCTACGA-1,doublet
TGACGATGGTAGCT-1,doublet
TGACTTTGAGCGTT-1,doublet
TGAGGTACGTATCG-1,doublet
TGAGTGACCTTCTA-1,doublet
TGATACCTGTAGCT-1,doublet
TGCACAGAGTTGCA-1,doublet
TGCCAAGAGAATCC-1,doublet
TGCCACTGAACAGA-1,doublet
TGCCCAACTGTTTC-1,doublet
TGCCGACTTGCTTT-1,doublet
TGCGCACTTATGCG-1,doublet
TGCGTAGACTGACA-1,doublet
TGCTGAGATATCGG-1,doublet
TGGAACACGTTTCT-1,doublet
TGGACCCTTGGGAG-1,doublet
TGGACTGAGTTCGA-1,doublet
TGGATCGACAGATC-1,doublet
TGGATGACACGTGT-1,doublet
TGGGTATGTCACCC-1,doublet
TGTAATGACTCGCT-1,doublet
TGTCAGGAGAACTC-1,doublet
TGTGAGTGGCTAAC-1,doublet
TGTGAGTGGGTATC-1,doublet
TTACCATGTGGTTG-1,doublet
TTACGACTAGCAAA-1,doublet
TTAGAATGATCGAC-1,doublet
TTAGAATGCGTTGA-1,doublet
TTAGGTCTCGCAAT-1,doublet
TTAGTCACACAGCT-1,doublet
TTAGTCTGGTTAGC-1,doublet
TTCACCCTCTGGAT-1,doublet
TTCATTCTCTGATG-1,doublet
TTCCAAACCCTACC-1,doublet
TTCCATGAAGTCGT-1,hto_2
TTCCCACTAGTGTC-1,doublet
TTCGAGGAGTGAGG-1,doublet
TTCGTATGGGACTT-1,doublet
TTCGTATGTTGCAG-1,doublet
TTCTGATGCTGTTT-1,doublet
TTGACACTCTAGCA-1,doublet
TTGACACTTTCTGT-1,doublet
TTGGGAACGCGTAT-1,doublet
TTGGTACTAGCGGA-1,doublet
TTTAGAGATACGCA-1,doublet
TTTGACTGTGGGAG-1,doublet
TTTGCATGCTCATT-1,doublet
TTTGCATGTTGTCT-1,doublet
