Barcode,hashedDrops_hadge_process
AACACTCTTAGCCA-1,doublet
AACAGCACCGTGTA-1,doublet
AACTACCTAGAGGC-1,doublet
ACACGTGAGCTAAC-1,doublet
ACCTCCGAAAGGCG-1,doublet
ACGACCCTTCAGAC-1,doublet
ACTGAGACACACAC-1,doublet
ACTGCCACCATGAC-1,doublet
AGCGCTCTCCTCGT-1,doublet
AGGTCTGAGTGCTA-1,doublet
AGTCGCCTTTACCT-1,doublet
ATATAGTGCGTTAG-1,doublet
ATGTCGGATAGAGA-1,doublet
ATTTCCGACTACCC-1,doublet
ATTTGCACCAAAGA-1,doublet
CAATCTACAAGAGT-1,doublet
CAGCAATGGACTAC-1,doublet
CAGTGATGCGAGAG-1,doublet
CCACCATGCATACG-1,doublet
CCCAACTGCACAAC-1,doublet
CGCACGGAGCTAAC-1,doublet
CGCTAAGAGGAACG-1,doublet
CTTACAACTAAGCC-1,doublet
GAGCAGGAGAGGCA-1,doublet
GAGGTTACATAAGG-1,doublet
GATGCCCTGGAAAT-1,doublet
GCAGTCCTAAGCCT-1,doublet
GCGATATGCTGATG-1,doublet
GCGCACGACTGATG-1,doublet
GGGCCAACCGTAGT-1,doublet
GGTAGTACTGTCTT-1,doublet
GTTCATACTACTTC-1,doublet
GTTGACGATTTCGT-1,doublet
TATCGACTTTCTCA-1,doublet
TCAGACGAGCGATT-1,doublet
TGCAACGAGGACTT-1,doublet
TGGAACTGATTCGG-1,doublet
TGTCTAACTCTACT-1,doublet
TTATGAGATGATGC-1,doublet
TTCAGACTTGAGAA-1,doublet
AAACGCTGAAGATG-1,1
AAAGATCTGCGTTA-1,1
AAAGCCTGTCACGA-1,1
AAATACTGACACAC-1,1
AACATATGTCGTGA-1,1
AACCCAGAGACTAC-1,1
AACCGCCTGTATGC-1,1
AACGGTTGAATCGC-1,1
AACTCGGAGCGATT-1,1
AAGTCCGAAATCGC-1,1
AAGTTCCTCAAGCT-1,1
AATACCCTGTACAC-1,1
AATAGGGATTCATC-1,1
AATCCGGATGTAGC-1,1
AATCCTACCCCTCA-1,1
AATCGGTGAGTACC-1,1
AATCTAGAAGTCTG-1,1
AATGTTGAAGCTCA-1,1
AATTGTGATGTCGA-1,1
ACAGTGTGAACCAC-1,1
ACCACAGAGTTTGG-1,1
ACCACCTGCCCTAC-1,1
ACCAGCCTGTTGAC-1,1
ACCAGTGAGCCAAT-1,1
ACCCAAGAATGGTC-1,1
ACCCAAGATAACGC-1,1
ACCCGTACACCTAG-1,1
ACCGCGGATGGCAT-1,1
ACGAACTGTGCTGA-1,1
ACGATCGACGAGAG-1,1
ACGATTCTAGCCAT-1,1
ACGCGGTGATAAGG-1,1
ACGCGGTGGTCTTT-1,1
ACGGATTGGAAGGC-1,1
ACGGTAACCATCAG-1,1
ACGGTATGAACGGG-1,1
ACTCCCGACCTATT-1,1
ACTCGCACGGACAG-1,1
ACTTAGCTCAAGCT-1,1
ACTTCAACGATAAG-1,1
AGAAAGTGGTCCTC-1,1
AGAGAAACACGGAG-1,1
AGAGTCACGGCGAA-1,1
AGATCTCTTCCAGA-1,1
AGCAAAGAGCGAGA-1,1
AGCCGGACTCTCCG-1,1
AGCCGGTGAAGTAG-1,1
AGCCGGTGACCTTT-1,1
AGCGGCACGGTATC-1,1
AGCGGGCTCTTTAC-1,1
AGGGCCACAAACAG-1,1
AGGGTGGACAGCTA-1,1
AGGGTGGATGATGC-1,1
AGGTACTGTTGACG-1,1
AGGTCATGCTCTAT-1,1
AGGTGGGAACACAC-1,1
AGTAAGGATGCTTT-1,1
AGTCACGATGTCCC-1,1
AGTGCAACTGGAGG-1,1
ATAAACACAACCGT-1,1
ATACGGACAAGCAA-1,1
ATATACGAGAACCT-1,1
ATCACTACAGGAGC-1,1
ATCCCGTGGTCCTC-1,1
ATCGGAACATGTCG-1,1
ATCTGGGACTTCTA-1,1
ATCTTGACGTTTGG-1,1
ATGCCGCTTACGAC-1,1
ATGTACCTCTATTC-1,1
ATGTACCTGCTTAG-1,1
ATGTCGGAACACCA-1,1
ATGTTCACCTCAGA-1,1
ATTAGATGCTACCC-1,1
ATTCCAACGTATCG-1,1
ATTCGACTTCTCGC-1,1
ATTCGGGAACGGGA-1,1
ATTGAAACAACCGT-1,1
ATTGCACTAGTCGT-1,1
ATTGTCTGCGATAC-1,1
ATTGTCTGTGAAGA-1,1
CAACCGCTAGAGAT-1,1
CAAGACTGGACACT-1,1
CACAATCTGAAAGT-1,1
CACATACTTGACTG-1,1
CACGGGACGAGGTG-1,1
CACTCTCTGTTGAC-1,1
CACTGCTGGGAGTG-1,1
CAGAAGCTGCAGTT-1,1
CAGACCCTCCATGA-1,1
CAGATCGAAGAACA-1,1
CAGCAATGTTAGGC-1,1
CAGCATGATACAGC-1,1
CAGCGGACGCGGAA-1,1
CATTGTACGCCCTT-1,1
CCAACCTGGGGAGT-1,1
CCAGAAACTGGTGT-1,1
CCCTAGTGATGCTG-1,1
CCGCTATGACGGTT-1,1
CCGCTATGCCACAA-1,1
CCTAAGGAGAACTC-1,1
CGAAGACTCTGAAC-1,1
CGAATCGAAAGAAC-1,1
CGATCAGAAGCTAC-1,1
CGCCATTGGCCATA-1,1
CGCGGATGACCAGT-1,1
CGCGGATGTGCCCT-1,1
CGCTACACTTATCC-1,1
CGCTACTGCCCAAA-1,1
CGGCACGATGGATC-1,1
CGGCCAGAGTTCGA-1,1
CGGGACTGTGTGGT-1,1
CGGTACCTTTTACC-1,1
CGTCCAACGGCATT-1,1
CGTGCACTTGAAGA-1,1
CGTTATACGAGGAC-1,1
CTAAACCTCGTAGT-1,1
CTAACACTGTAGCT-1,1
CTAAGGTGTACGAC-1,1
CTAATAGAAGCCAT-1,1
CTATACTGTCGCAA-1,1
CTATCCCTACTGTG-1,1
CTCAGCACTCGCCT-1,1
CTCGACTGACTGGT-1,1
CTCGCATGCCTCCA-1,1
CTGAAGACGAGCAG-1,1
CTTAAAGAGTACCA-1,1
CTTAAAGATGCAGT-1,1
GAAACCTGCGTTGA-1,1
GAAACCTGGTTAGC-1,1
GAACGTTGCGTTGA-1,1
GACAACACGCGATT-1,1
GACAGGGAGCATCA-1,1
GACTCCTGGGTCAT-1,1
GAGTAAGATCATTC-1,1
GATAATACAGACTC-1,1
GATATTGAGGCAAG-1,1
GATGCATGAATGCC-1,1
GATGCATGGCCCTT-1,1
GATTCTTGAAGCCT-1,1
GATTGGTGTCGCTC-1,1
GATTTGCTGGAAAT-1,1
GCAACCCTTTCCGC-1,1
GCAATCGATCCCGT-1,1
GCAGCTCTGCTATG-1,1
GCCAAATGGCCCTT-1,1
GCGAGCACATTCGG-1,1
GCGATATGGTCAAC-1,1
GCGTATGACAGAGG-1,1
GCTAGATGTCTATC-1,1
GCTTAACTTGCTTT-1,1
GGAACTTGTCCTTA-1,1
GGAATCTGTACTGG-1,1
GGAATGCTTATCGG-1,1
GGACATTGCCTATT-1,1
GGACGCACGCTGTA-1,1
GGATAGCTCAGATC-1,1
GGATTGTGTCCTAT-1,1
GGGAAGACCGTGTA-1,1
GGGAAGTGATGTCG-1,1
GGTACTGATTCCCG-1,1
GGTCAAACGGAAGC-1,1
GTACGAACTGCCAA-1,1
GTAGCCCTCTCCCA-1,1
GTAGTGTGCACTGA-1,1
GTATCACTAACGGG-1,1
GTATCACTTCCTCG-1,1
GTATTCACATAAGG-1,1
GTCACAGATGTGCA-1,1
GTCCAAGATAAGGA-1,1
GTCCACACAGAACA-1,1
GTCTGAGACCAACA-1,1
GTGTATCTAATGCC-1,1
TAAGATACTGGTCA-1,1
TACACACTGGAAAT-1,1
TACTCAACCTTGGA-1,1
TACTCTGATGTTTC-1,1
TAGAAACTTAGACC-1,1
TAGATTGATCTAGG-1,1
TAGCATCTCGTGAT-1,1
TAGCCCACCAGCTA-1,1
AAATCAACCTCCAC-1,2
AAATCAACTCAGGT-1,2
AAATGGGAGAATCC-1,2
AAATGTTGCTGAAC-1,2
AACAATACTCGATG-1,2
AACATTGATCCTGC-1,2
AACCGATGAAAACG-1,2
AACCGCCTATTCGG-1,2
AACGCATGTGAGAA-1,2
AACGTGTGCGTTGA-1,2
AACTCTTGATGACC-1,2
AAGAAGACTTTACC-1,2
AAGCGACTAAAAGC-1,2
AAGTCCGAAGAACA-1,2
AATGCGTGAAGGGC-1,2
AATGCGTGTGGTTG-1,2
AATGTAACATCGTG-1,2
AATGTTGACTGCTC-1,2
AATTACGACGAATC-1,2
ACAAGAGAACGACT-1,2
ACAAGAGAGCATCA-1,2
ACCACCTGAAAACG-1,2
ACCCGTTGACACCA-1,2
ACCCGTTGGGATTC-1,2
ACCCTCGAGACGAG-1,2
ACCGCGGAATCAGC-1,2
ACCGTGCTGTAAGA-1,2
ACCTTTGAAAAAGC-1,2
ACGACAACGCCTTC-1,2
ACGATTCTGGTACT-1,2
ACGCACCTACCAAC-1,2
ACGCCACTCCTTTA-1,2
ACGCCGGACGGGAA-1,2
ACGCCGGATGGAGG-1,2
ACGGCTCTACTCAG-1,2
ACGTCGCTACGGAG-1,2
ACTGCCACAAGCAA-1,2
AGACACTGTCAGTG-1,2
AGAGGTCTTCCTCG-1,2
AGAGTGCTCTTGTT-1,2
AGCATGACCGTCTC-1,2
AGCCTCACTACTGG-1,2
AGCGATACGCTTAG-1,2
AGCGGCTGCCAACA-1,2
AGGATAGACTAGTG-1,2
AGGCTAACAGTGTC-1,2
AGGTCATGCAGATC-1,2
AGTAATACCCTGAA-1,2
AGTAGAGATTCTGT-1,2
AGTCACGAAGCATC-1,2
AGTCACGAGGTACT-1,2
ATAATGACCCGTTC-1,2
ATACTCTGTCCTTA-1,2
ATAGAACTTTTCAC-1,2
ATAGCTCTTCGCCT-1,2
ATCACTACATCGAC-1,2
ATCACTTGGCGATT-1,2
ATCGCGCTGCTGAT-1,2
ATCTACTGATCGTG-1,2
ATCTGACTAAGCAA-1,2
ATCTTTCTTGAGGG-1,2
ATGCACGAGTGCAT-1,2
ATGTTCACAACCTG-1,2
ATGTTGCTCTCATT-1,2
ATTACCACACCGAT-1,2
ATTGCACTACACGT-1,2
ATTGCGGAAAAGTG-1,2
ATTGGGTGTTTGTC-1,2
ATTTAGGAACAGTC-1,2
CAAAGCACTCTGGA-1,2
CAAAGCTGATCGGT-1,2
CAAGACACTTTGGG-1,2
CAAGACTGCTGTTT-1,2
CAAGCTGACAGTTG-1,2
CAAGTCGATTGGTG-1,2
CAATCTACCGATAC-1,2
CACCCATGTCTTCA-1,2
CACCGTACATTCCT-1,2
CACCTGACAGATGA-1,2
CACCTGACGAACTC-1,2
CACGGGTGTTATCC-1,2
CACTGCACTTCCAT-1,2
CAGACATGTGGTCA-1,2
CAGAGGGACTTATC-1,2
CAGCCTACTAGTCG-1,2
CAGCTAGACTGAAC-1,2
CATAGTCTAGCTAC-1,2
CATATAGATGTTTC-1,2
CATCTCCTTCTACT-1,2
CATGAGACTATCTC-1,2
CATGCGCTAGAGTA-1,2
CATGTTTGTTACCT-1,2
CCAAGTGATTGCTT-1,2
CCAATTTGCTGAAC-1,2
CCATAGGATCGACA-1,2
CCCATGTGCTCGCT-1,2
CCCTAGTGGATACC-1,2
CCGTACACCGTCTC-1,2
CCTGAGCTAGTCAC-1,2
CCTGGACTTACAGC-1,2
CCTTCACTCAGGAG-1,2
CGAAGACTTCGCTC-1,2
CGAATCGAGCTATG-1,2
CGAGAACTTTTACC-1,2
CGATACGAGCTACA-1,2
CGATACGATCAAGC-1,2
CGATCAGAAGCAAA-1,2
CGCCGAGAAGATGA-1,2
CGGAATTGGTAAGA-1,2
CGGGACTGACCTTT-1,2
CGTAGCCTTACTCT-1,2
CTAAGGTGACGACT-1,2
CTAAGGTGGTCCTC-1,2
CTAATAGATAGTCG-1,2
CTACCTCTCGCAAT-1,2
CTATCCCTCCTAAG-1,2
CTGAAGACCCTATT-1,2
CTGAGCCTACCTAG-1,2
CTGATGGAACGACT-1,2
CTGGAAACCGGAGA-1,2
CTTACAACGGAGTG-1,2
CTTAGACTATTTCC-1,2
CTTCTAGACTTGAG-1,2
GAAAGCCTTAAGCC-1,2
GAACACACTGCTCC-1,2
GAACGGGACCATGA-1,2
GAAGCTTGACTTTC-1,2
GAAGTAGACCCTTG-1,2
GAAGTGCTGGAGCA-1,2
GACAACTGATTGGC-1,2
GAGAAATGAGCGTT-1,2
GAGATCACTGAGAA-1,2
GAGGTACTATCACG-1,2
GAGGTGGATGCTGA-1,2
GAGGTTACCTGAAC-1,2
GAGTACTGGGTTAC-1,2
GAGTCAACTTCACT-1,2
GATACTCTTCGATG-1,2
GATATATGACGCTA-1,2
GATCCCTGTTGCGA-1,2
GATCCGCTCAGAGG-1,2
GATGCAACAGATGA-1,2
GATTGGACATTCGG-1,2
GATTGGACCGCCTT-1,2
GATTGGTGTGCTCC-1,2
GCAACCCTCTTTAC-1,2
GCAACTGAGGGACA-1,2
GCACACCTACACCA-1,2
GCACCACTTAGCCA-1,2
GCATGATGACCTGA-1,2
GCATGTGATGCATG-1,2
GCATTGGACATTCT-1,2
GCCAAAACACCAGT-1,2
GCCAAAACATCGAC-1,2
GCCATGCTCCTTCG-1,2
GCCATGCTCTCGCT-1,2
GCCCAGGAGACTAC-1,2
GCGAGCACTAGAAG-1,2
GCGATATGTGTCCC-1,2
GCGCACGAAAGAAC-1,2
GCGGGACTCCTGAA-1,2
GCTACAGATTGCGA-1,2
GCTACCTGCTGTAG-1,2
GCTACGCTGTGTAC-1,2
GCTAGAACGCGATT-1,2
GCTCGACTTTCGCC-1,2
GGATGTACGTGCAT-1,2
GGCATATGGTTAGC-1,2
GGCCACGACCGATA-1,2
GGCCCAGAGCAGTT-1,2
GGCGCATGCGCTAA-1,2
GGGAAGACGTCACA-1,2
GGGAAGACTGAACC-1,2
GGGCAGCTCTCAGA-1,2
GGTATGACATCGAC-1,2
GGTATGACCGTGAT-1,2
GGTATGACTGGAAA-1,2
GGTTGAACGAAGGC-1,2
GTAATAACACGGGA-1,2
GTACTTTGCAGATC-1,2
GTAGCATGGCAGTT-1,doublet
GTAGTGTGGTCTAG-1,doublet
GTATGGTGCGTAAC-1,doublet
GTATTCACTCATTC-1,doublet
GTGCCACTATCGGT-1,doublet
GTTAACCTTTGGTG-1,doublet
GTTACTACTTCGCC-1,doublet
GTTATAGATGTAGC-1,doublet
GTTGAGTGTGGAAA-1,doublet
TAACCGGAAATGCC-1,doublet
TAAGCTCTTGCTAG-1,doublet
TAAGGGCTGTATGC-1,doublet
TACATCACCTATGG-1,doublet
TACCGCTGCCGAAT-1,doublet
TACGTACTCGATAC-1,doublet
TACTCCCTAGAGGC-1,doublet
TAGAGAGAAAAAGC-1,doublet
TAGAGAGACGACAT-1,doublet
TAGGACTGGTAAAG-1,doublet
TAGGCTGATGCGTA-1,doublet
TAGGTTCTACTAGC-1,doublet
TATACAGAGTGTTG-1,doublet
TATCAAGATCGCCT-1,doublet
TATCGACTACTAGC-1,doublet
TATCTTCTACTACG-1,doublet
TATGGTCTATTGGC-1,doublet
TCAAGGACGAACCT-1,doublet
TCAAGGTGACACAC-1,doublet
TCAAGTCTGACGTT-1,doublet
TCAAGTCTTGCAAC-1,doublet
TCACCGTGCCGTTC-1,doublet
TCAGCAGACAGCTA-1,doublet
TCAGTTACTGCCAA-1,doublet
TCATCATGCTGAAC-1,doublet
TCATCCCTCATTCT-1,doublet
TCCAGAGAAGAGAT-1,doublet
TCCAGAGACTTCGC-1,doublet
TCCATCCTCGTACA-1,doublet
TCCGAAGATTGACG-1,doublet
TCCGGACTTGGTAC-1,doublet
TCCTATGAACTGTG-1,doublet
TCGACGCTACGTTG-1,doublet
TCGAGCCTAGAATG-1,doublet
TCGCACACGGCGAA-1,doublet
TCGGACCTGTGTCA-1,doublet
TCGTGAGACACACA-1,doublet
TCGTTATGCATCAG-1,doublet
TCTAACACACCATG-1,doublet
TCTAACTGCAATCG-1,doublet
TCTAGACTAAAAGC-1,doublet
TCTAGACTGTAAAG-1,doublet
TCTCTAGATCGCTC-1,doublet
TGACGATGCTACGA-1,doublet
TGACGATGGTAGCT-1,doublet
TGACTTTGAGCGTT-1,doublet
TGAGGTACGTATCG-1,doublet
TGAGTGACCTTCTA-1,doublet
TGATACCTGTAGCT-1,doublet
TGCACAGAGTTGCA-1,doublet
TGCCAAGAGAATCC-1,doublet
TGCCACTGAACAGA-1,doublet
TGCCCAACTGTTTC-1,doublet
TGCCGACTTGCTTT-1,doublet
TGCGCACTTATGCG-1,doublet
TGCGTAGACTGACA-1,doublet
TGCTGAGATATCGG-1,doublet
TGGAACACGTTTCT-1,doublet
TGGACCCTTGGGAG-1,doublet
TGGACTGAGTTCGA-1,doublet
TGGATCGACAGATC-1,doublet
TGGATGACACGTGT-1,doublet
TGGGTATGTCACCC-1,doublet
TGTAATGACTCGCT-1,doublet
TGTCAGGAGAACTC-1,doublet
TGTGAGTGGCTAAC-1,doublet
TGTGAGTGGGTATC-1,doublet
TTACCATGTGGTTG-1,doublet
TTACGACTAGCAAA-1,doublet
TTAGAATGATCGAC-1,doublet
TTAGAATGCGTTGA-1,doublet
TTAGGTCTCGCAAT-1,doublet
TTAGTCACACAGCT-1,doublet
TTAGTCTGGTTAGC-1,doublet
TTCACCCTCTGGAT-1,doublet
TTCATTCTCTGATG-1,doublet
TTCCAAACCCTACC-1,doublet
TTCCATGAAGTCGT-1,doublet
TTCCCACTAGTGTC-1,doublet
TTCGAGGAGTGAGG-1,doublet
TTCGTATGGGACTT-1,doublet
TTCGTATGTTGCAG-1,doublet
TTCTGATGCTGTTT-1,doublet
TTGACACTCTAGCA-1,doublet
TTGACACTTTCTGT-1,doublet
TTGGGAACGCGTAT-1,doublet
TTGGTACTAGCGGA-1,doublet
TTTAGAGATACGCA-1,doublet
TTTGACTGTGGGAG-1,doublet
TTTGCATGCTCATT-1,doublet
TTTGCATGTTGTCT-1,doublet
